task,split,system_a,system_b,shared_examples,macro_f1_delta_a_minus_b,ci_low,ci_high
task1,dev,bert_base_task1_bert_base_uncased_task1_seed42_20260622_162604,deberta_v3_base_multitask_microsoft_deberta_v3_base_multitask_seed42_20260622_164926,690,-0.10078458045743227,-0.13983655181873586,-0.06095917957451401
task1,dev,bert_base_task1_bert_base_uncased_task1_seed42_20260622_162604,deberta_v3_base_task1_microsoft_deberta_v3_base_task1_seed42_20260622_163154,690,-0.05731274530922095,-0.09872553413551718,-0.015071784378397872
task1,dev,bert_base_task1_bert_base_uncased_task1_seed42_20260622_162604,deberta_v3_base_task1_politician_answer_microsoft_deberta_v3_base_task1_seed42_20260622_164425,690,-0.07282780194619734,-0.11517481108214665,-0.0236400181854489
task1,dev,bert_base_task1_bert_base_uncased_task1_seed42_20260622_162604,deberta_v3_base_task1_weighted_microsoft_deberta_v3_base_task1_seed42_20260622_163755,690,-0.09141347190708406,-0.13031375910796988,-0.05481215374815711
task1,dev,bert_base_task1_bert_base_uncased_task1_seed42_20260622_162604,deberta_v3_large_task1_microsoft_deberta_v3_large_task1_seed42_20260622_162603,690,-0.08958627723413808,-0.1352392445544668,-0.042771501885496145
task1,dev,bert_base_task1_bert_base_uncased_task1_seed42_20260622_162604,deberta_xlarge_task1_microsoft_deberta_xlarge_task1_seed42_20260622_164216,690,-0.09274119249249012,-0.1379693946085172,-0.04885757809474308
task1,dev,bert_base_task1_bert_base_uncased_task1_seed42_20260622_162604,roberta_large_task1_roberta_large_task1_seed42_20260622_162604,690,-0.09749943600892164,-0.14145450883066957,-0.052751583276777356
task1,dev,deberta_v3_base_multitask_microsoft_deberta_v3_base_multitask_seed42_20260622_164926,deberta_v3_base_task1_microsoft_deberta_v3_base_task1_seed42_20260622_163154,690,0.04347183514821134,0.007249128829106691,0.07934317816601151
task1,dev,deberta_v3_base_multitask_microsoft_deberta_v3_base_multitask_seed42_20260622_164926,deberta_v3_base_task1_politician_answer_microsoft_deberta_v3_base_task1_seed42_20260622_164425,690,0.027956778511234945,-0.013244431309517203,0.06492626226026778
task1,dev,deberta_v3_base_multitask_microsoft_deberta_v3_base_multitask_seed42_20260622_164926,deberta_v3_base_task1_weighted_microsoft_deberta_v3_base_task1_seed42_20260622_163755,690,0.009371108550348235,-0.02453002477853716,0.04060127431364454
task1,dev,deberta_v3_base_multitask_microsoft_deberta_v3_base_multitask_seed42_20260622_164926,deberta_v3_large_task1_microsoft_deberta_v3_large_task1_seed42_20260622_162603,690,0.011198303223294204,-0.0318139843471979,0.05270312748907442
task1,dev,deberta_v3_base_multitask_microsoft_deberta_v3_base_multitask_seed42_20260622_164926,deberta_xlarge_task1_microsoft_deberta_xlarge_task1_seed42_20260622_164216,690,0.008043387964942172,-0.029142942632996455,0.04735797812145925
task1,dev,deberta_v3_base_multitask_microsoft_deberta_v3_base_multitask_seed42_20260622_164926,roberta_large_task1_roberta_large_task1_seed42_20260622_162604,690,0.0032851444485106534,-0.03225210077568908,0.04147502943862549
task1,dev,deberta_v3_base_task1_microsoft_deberta_v3_base_task1_seed42_20260622_163154,deberta_v3_base_task1_politician_answer_microsoft_deberta_v3_base_task1_seed42_20260622_164425,690,-0.015515056636976386,-0.0485333376611467,0.016131120277555984
task1,dev,deberta_v3_base_task1_microsoft_deberta_v3_base_task1_seed42_20260622_163154,deberta_v3_base_task1_weighted_microsoft_deberta_v3_base_task1_seed42_20260622_163755,690,-0.034100726597863104,-0.06866091250617445,0.0012785039947310279
task1,dev,deberta_v3_base_task1_microsoft_deberta_v3_base_task1_seed42_20260622_163154,deberta_v3_large_task1_microsoft_deberta_v3_large_task1_seed42_20260622_162603,690,-0.03227353192491713,-0.07069509403035162,0.01153807263105994
task1,dev,deberta_v3_base_task1_microsoft_deberta_v3_base_task1_seed42_20260622_163154,deberta_xlarge_task1_microsoft_deberta_xlarge_task1_seed42_20260622_164216,690,-0.03542844718326917,-0.07551599523024288,0.003158621221374676
task1,dev,deberta_v3_base_task1_microsoft_deberta_v3_base_task1_seed42_20260622_163154,roberta_large_task1_roberta_large_task1_seed42_20260622_162604,690,-0.040186690699700676,-0.0813959339754526,-0.002771382724152381
task1,dev,deberta_v3_base_task1_politician_answer_microsoft_deberta_v3_base_task1_seed42_20260622_164425,deberta_v3_base_task1_weighted_microsoft_deberta_v3_base_task1_seed42_20260622_163755,690,-0.018585669960886713,-0.0537217814974074,0.01870747361085275
task1,dev,deberta_v3_base_task1_politician_answer_microsoft_deberta_v3_base_task1_seed42_20260622_164425,deberta_v3_large_task1_microsoft_deberta_v3_large_task1_seed42_20260622_162603,690,-0.01675847528794074,-0.0510702265115976,0.018674494545737087
task1,dev,deberta_v3_base_task1_politician_answer_microsoft_deberta_v3_base_task1_seed42_20260622_164425,deberta_xlarge_task1_microsoft_deberta_xlarge_task1_seed42_20260622_164216,690,-0.019913390546292774,-0.05798946983426805,0.015776183415315514
task1,dev,deberta_v3_base_task1_politician_answer_microsoft_deberta_v3_base_task1_seed42_20260622_164425,roberta_large_task1_roberta_large_task1_seed42_20260622_162604,690,-0.024671634062724296,-0.06435888067141841,0.013148954535265791
task1,dev,deberta_v3_base_task1_weighted_microsoft_deberta_v3_base_task1_seed42_20260622_163755,deberta_v3_large_task1_microsoft_deberta_v3_large_task1_seed42_20260622_162603,690,0.001827194672945969,-0.03950077679329872,0.04296222252149535
task1,dev,deberta_v3_base_task1_weighted_microsoft_deberta_v3_base_task1_seed42_20260622_163755,deberta_xlarge_task1_microsoft_deberta_xlarge_task1_seed42_20260622_164216,690,-0.001327720585406063,-0.041316463668145086,0.03775610630615353
task1,dev,deberta_v3_base_task1_weighted_microsoft_deberta_v3_base_task1_seed42_20260622_163755,roberta_large_task1_roberta_large_task1_seed42_20260622_162604,690,-0.006085964101837581,-0.04498904321795978,0.027913268422981106
task1,dev,deberta_v3_large_task1_microsoft_deberta_v3_large_task1_seed42_20260622_162603,deberta_xlarge_task1_microsoft_deberta_xlarge_task1_seed42_20260622_164216,690,-0.003154915258352032,-0.0435493414523195,0.035206775229165016
task1,dev,deberta_v3_large_task1_microsoft_deberta_v3_large_task1_seed42_20260622_162603,roberta_large_task1_roberta_large_task1_seed42_20260622_162604,690,-0.00791315877478355,-0.046918831205246606,0.030423905237512355
task1,dev,deberta_xlarge_task1_microsoft_deberta_xlarge_task1_seed42_20260622_164216,roberta_large_task1_roberta_large_task1_seed42_20260622_162604,690,-0.004758243516431518,-0.04093144016488889,0.032259479447778114
task1,test,bert_base_task1_bert_base_uncased_task1_seed42_20260622_162604,deberta_v3_base_multitask_microsoft_deberta_v3_base_multitask_seed42_20260622_164926,308,-0.12624479052618856,-0.21215442785405342,-0.0467257881457848
task1,test,bert_base_task1_bert_base_uncased_task1_seed42_20260622_162604,deberta_v3_base_task1_microsoft_deberta_v3_base_task1_seed42_20260622_163154,308,-0.06897653516770347,-0.1454081517055535,0.011874441842768028
task1,test,bert_base_task1_bert_base_uncased_task1_seed42_20260622_162604,deberta_v3_base_task1_politician_answer_microsoft_deberta_v3_base_task1_seed42_20260622_164425,308,-0.06106793723039671,-0.1393703656811697,0.017856739404627144
task1,test,bert_base_task1_bert_base_uncased_task1_seed42_20260622_162604,deberta_v3_base_task1_weighted_microsoft_deberta_v3_base_task1_seed42_20260622_163755,308,-0.09697142709842703,-0.1790862787796171,-0.010359970757318473
task1,test,bert_base_task1_bert_base_uncased_task1_seed42_20260622_162604,deberta_v3_large_task1_microsoft_deberta_v3_large_task1_seed42_20260622_162603,308,-0.1318172293902334,-0.21390749097310244,-0.06073109403202224
task1,test,bert_base_task1_bert_base_uncased_task1_seed42_20260622_162604,deberta_xlarge_task1_microsoft_deberta_xlarge_task1_seed42_20260622_164216,308,-0.10835356242281105,-0.19919262879847038,-0.025382973217228853
task1,test,bert_base_task1_bert_base_uncased_task1_seed42_20260622_162604,roberta_large_task1_roberta_large_task1_seed42_20260622_162604,308,-0.12522402891549828,-0.20516685728763223,-0.038102996086954784
task1,test,deberta_v3_base_multitask_microsoft_deberta_v3_base_multitask_seed42_20260622_164926,deberta_v3_base_task1_microsoft_deberta_v3_base_task1_seed42_20260622_163154,308,0.05726825535848506,-0.005657755128772948,0.11786700511528962
task1,test,deberta_v3_base_multitask_microsoft_deberta_v3_base_multitask_seed42_20260622_164926,deberta_v3_base_task1_politician_answer_microsoft_deberta_v3_base_task1_seed42_20260622_164425,308,0.06517685329579183,-0.014823803103238675,0.12698213551663717
task1,test,deberta_v3_base_multitask_microsoft_deberta_v3_base_multitask_seed42_20260622_164926,deberta_v3_base_task1_weighted_microsoft_deberta_v3_base_task1_seed42_20260622_163755,308,0.029273363427761503,-0.04126587026348378,0.09151517670040524
task1,test,deberta_v3_base_multitask_microsoft_deberta_v3_base_multitask_seed42_20260622_164926,deberta_v3_large_task1_microsoft_deberta_v3_large_task1_seed42_20260622_162603,308,-0.005572438864044878,-0.07977284304581371,0.06316593360614352
task1,test,deberta_v3_base_multitask_microsoft_deberta_v3_base_multitask_seed42_20260622_164926,deberta_xlarge_task1_microsoft_deberta_xlarge_task1_seed42_20260622_164216,308,0.01789122810337748,-0.04863588343560287,0.0855148155203379
task1,test,deberta_v3_base_multitask_microsoft_deberta_v3_base_multitask_seed42_20260622_164926,roberta_large_task1_roberta_large_task1_seed42_20260622_162604,308,0.0010207616106902649,-0.07362136396416126,0.07173066080970261
task1,test,deberta_v3_base_task1_microsoft_deberta_v3_base_task1_seed42_20260622_163154,deberta_v3_base_task1_politician_answer_microsoft_deberta_v3_base_task1_seed42_20260622_164425,308,0.007908597937306775,-0.0540877775162746,0.07336704691614536
task1,test,deberta_v3_base_task1_microsoft_deberta_v3_base_task1_seed42_20260622_163154,deberta_v3_base_task1_weighted_microsoft_deberta_v3_base_task1_seed42_20260622_163755,308,-0.02799489193072356,-0.08237903413794052,0.03103733478309766
task1,test,deberta_v3_base_task1_microsoft_deberta_v3_base_task1_seed42_20260622_163154,deberta_v3_large_task1_microsoft_deberta_v3_large_task1_seed42_20260622_162603,308,-0.06284069422252993,-0.1400278101866159,0.010521620986333547
task1,test,deberta_v3_base_task1_microsoft_deberta_v3_base_task1_seed42_20260622_163154,deberta_xlarge_task1_microsoft_deberta_xlarge_task1_seed42_20260622_164216,308,-0.039377027255107576,-0.11331357184512883,0.03751936344686496
task1,test,deberta_v3_base_task1_microsoft_deberta_v3_base_task1_seed42_20260622_163154,roberta_large_task1_roberta_large_task1_seed42_20260622_162604,308,-0.056247493747794794,-0.1192144581247602,0.007824499822876757
task1,test,deberta_v3_base_task1_politician_answer_microsoft_deberta_v3_base_task1_seed42_20260622_164425,deberta_v3_base_task1_weighted_microsoft_deberta_v3_base_task1_seed42_20260622_163755,308,-0.03590348986803033,-0.10375292689917741,0.040130975012399234
task1,test,deberta_v3_base_task1_politician_answer_microsoft_deberta_v3_base_task1_seed42_20260622_164425,deberta_v3_large_task1_microsoft_deberta_v3_large_task1_seed42_20260622_162603,308,-0.0707492921598367,-0.14374943113421404,0.004136102993795033
task1,test,deberta_v3_base_task1_politician_answer_microsoft_deberta_v3_base_task1_seed42_20260622_164425,deberta_xlarge_task1_microsoft_deberta_xlarge_task1_seed42_20260622_164216,308,-0.04728562519241436,-0.11513775632745928,0.01430977057894075
task1,test,deberta_v3_base_task1_politician_answer_microsoft_deberta_v3_base_task1_seed42_20260622_164425,roberta_large_task1_roberta_large_task1_seed42_20260622_162604,308,-0.06415609168510157,-0.13311548029837608,0.020980431193387734
task1,test,deberta_v3_base_task1_weighted_microsoft_deberta_v3_base_task1_seed42_20260622_163755,deberta_v3_large_task1_microsoft_deberta_v3_large_task1_seed42_20260622_162603,308,-0.03484580229180638,-0.1210102453101179,0.04889628162814172
task1,test,deberta_v3_base_task1_weighted_microsoft_deberta_v3_base_task1_seed42_20260622_163755,deberta_xlarge_task1_microsoft_deberta_xlarge_task1_seed42_20260622_164216,308,-0.011382135324384021,-0.08769443691472488,0.06655319999091126
task1,test,deberta_v3_base_task1_weighted_microsoft_deberta_v3_base_task1_seed42_20260622_163755,roberta_large_task1_roberta_large_task1_seed42_20260622_162604,308,-0.02825260181707124,-0.10100690699349085,0.04896356233457703
task1,test,deberta_v3_large_task1_microsoft_deberta_v3_large_task1_seed42_20260622_162603,deberta_xlarge_task1_microsoft_deberta_xlarge_task1_seed42_20260622_164216,308,0.023463666967422355,-0.037221061054681766,0.08214589333988273
task1,test,deberta_v3_large_task1_microsoft_deberta_v3_large_task1_seed42_20260622_162603,roberta_large_task1_roberta_large_task1_seed42_20260622_162604,308,0.006593200474735143,-0.07475847605804792,0.08406596158510693
task1,test,deberta_xlarge_task1_microsoft_deberta_xlarge_task1_seed42_20260622_164216,roberta_large_task1_roberta_large_task1_seed42_20260622_162604,308,-0.016870466492687215,-0.0971981077643687,0.06830649179577189
task2,dev,bert_base_task2_bert_base_uncased_task2_seed42_20260622_162604,deberta_v3_base_multitask_microsoft_deberta_v3_base_multitask_seed42_20260622_164926,137,0.02711143828528005,-0.08403924317990027,0.14082585801504874
task2,dev,bert_base_task2_bert_base_uncased_task2_seed42_20260622_162604,deberta_v3_base_task2_microsoft_deberta_v3_base_task2_seed42_20260622_163254,690,0.04146651591613856,0.006351127806924543,0.08174655158558987
task2,dev,bert_base_task2_bert_base_uncased_task2_seed42_20260622_162604,deberta_v3_base_task2_politician_answer_microsoft_deberta_v3_base_task2_seed42_20260622_164525,690,0.02565572826616663,-0.01509808943495579,0.06513328864919664
task2,dev,bert_base_task2_bert_base_uncased_task2_seed42_20260622_162604,deberta_v3_base_task2_weighted_microsoft_deberta_v3_base_task2_seed42_20260622_163854,690,-0.012879568616839492,-0.05430988012238802,0.026254340093429834
task2,dev,bert_base_task2_bert_base_uncased_task2_seed42_20260622_162604,deberta_v3_large_task2_microsoft_deberta_v3_large_task2_seed42_20260622_164114,690,-0.012118161779296845,-0.054096031384034085,0.02576634067357161
task2,dev,bert_base_task2_bert_base_uncased_task2_seed42_20260622_162604,deberta_xlarge_task2_microsoft_deberta_xlarge_task2_seed42_20260622_164826,690,-0.023038621185035708,-0.07491361071753407,0.02223787858720225
task2,dev,bert_base_task2_bert_base_uncased_task2_seed42_20260622_162604,roberta_large_task2_roberta_large_task2_seed42_20260622_162603,690,-0.06093769715498777,-0.10569544653651977,-0.02231630670572088
task2,dev,deberta_v3_base_multitask_microsoft_deberta_v3_base_multitask_seed42_20260622_164926,deberta_v3_base_task2_microsoft_deberta_v3_base_task2_seed42_20260622_163254,137,0.025675068311124663,-0.060921374250546056,0.10818944252615373
task2,dev,deberta_v3_base_multitask_microsoft_deberta_v3_base_multitask_seed42_20260622_164926,deberta_v3_base_task2_politician_answer_microsoft_deberta_v3_base_task2_seed42_20260622_164525,137,0.013531189192416177,-0.10885793251242293,0.12911227360053587
task2,dev,deberta_v3_base_multitask_microsoft_deberta_v3_base_multitask_seed42_20260622_164926,deberta_v3_base_task2_weighted_microsoft_deberta_v3_base_task2_seed42_20260622_163854,137,-0.08611086100531452,-0.19608800440887103,0.027668267798019286
task2,dev,deberta_v3_base_multitask_microsoft_deberta_v3_base_multitask_seed42_20260622_164926,deberta_v3_large_task2_microsoft_deberta_v3_large_task2_seed42_20260622_164114,137,-0.07426894530209392,-0.20111964285775738,0.03331400006962613
task2,dev,deberta_v3_base_multitask_microsoft_deberta_v3_base_multitask_seed42_20260622_164926,deberta_xlarge_task2_microsoft_deberta_xlarge_task2_seed42_20260622_164826,137,-0.012489742244825387,-0.12254293402054277,0.0927526363847201
task2,dev,deberta_v3_base_multitask_microsoft_deberta_v3_base_multitask_seed42_20260622_164926,roberta_large_task2_roberta_large_task2_seed42_20260622_162603,137,-0.12390466043601815,-0.2480130775888098,-0.019572623867976258
task2,dev,deberta_v3_base_task2_microsoft_deberta_v3_base_task2_seed42_20260622_163254,deberta_v3_base_task2_politician_answer_microsoft_deberta_v3_base_task2_seed42_20260622_164525,690,-0.01581078764997193,-0.05148488139859993,0.01752691476598022
task2,dev,deberta_v3_base_task2_microsoft_deberta_v3_base_task2_seed42_20260622_163254,deberta_v3_base_task2_weighted_microsoft_deberta_v3_base_task2_seed42_20260622_163854,690,-0.05434608453297805,-0.09708054931293622,-0.011792865937527722
task2,dev,deberta_v3_base_task2_microsoft_deberta_v3_base_task2_seed42_20260622_163254,deberta_v3_large_task2_microsoft_deberta_v3_large_task2_seed42_20260622_164114,690,-0.0535846776954354,-0.09074282989614135,-0.015226708092190275
task2,dev,deberta_v3_base_task2_microsoft_deberta_v3_base_task2_seed42_20260622_163254,deberta_xlarge_task2_microsoft_deberta_xlarge_task2_seed42_20260622_164826,690,-0.06450513710117427,-0.11976491432867008,-0.013141243776250141
task2,dev,deberta_v3_base_task2_microsoft_deberta_v3_base_task2_seed42_20260622_163254,roberta_large_task2_roberta_large_task2_seed42_20260622_162603,690,-0.10240421307112633,-0.1445320360905807,-0.0675021445442856
task2,dev,deberta_v3_base_task2_politician_answer_microsoft_deberta_v3_base_task2_seed42_20260622_164525,deberta_v3_base_task2_weighted_microsoft_deberta_v3_base_task2_seed42_20260622_163854,690,-0.03853529688300612,-0.08533350716242626,0.0032510285048823234
task2,dev,deberta_v3_base_task2_politician_answer_microsoft_deberta_v3_base_task2_seed42_20260622_164525,deberta_v3_large_task2_microsoft_deberta_v3_large_task2_seed42_20260622_164114,690,-0.03777389004546348,-0.07771367763231517,0.0013634762906454812
task2,dev,deberta_v3_base_task2_politician_answer_microsoft_deberta_v3_base_task2_seed42_20260622_164525,deberta_xlarge_task2_microsoft_deberta_xlarge_task2_seed42_20260622_164826,690,-0.048694349451202344,-0.10018802169357906,0.002821787990865905
task2,dev,deberta_v3_base_task2_politician_answer_microsoft_deberta_v3_base_task2_seed42_20260622_164525,roberta_large_task2_roberta_large_task2_seed42_20260622_162603,690,-0.08659342542115439,-0.1296444192774634,-0.04650078681610751
task2,dev,deberta_v3_base_task2_weighted_microsoft_deberta_v3_base_task2_seed42_20260622_163854,deberta_v3_large_task2_microsoft_deberta_v3_large_task2_seed42_20260622_164114,690,0.0007614068375426474,-0.038216359447419204,0.041810886818397834
task2,dev,deberta_v3_base_task2_weighted_microsoft_deberta_v3_base_task2_seed42_20260622_163854,deberta_xlarge_task2_microsoft_deberta_xlarge_task2_seed42_20260622_164826,690,-0.010159052568196216,-0.05449920824451633,0.03779086093407953
task2,dev,deberta_v3_base_task2_weighted_microsoft_deberta_v3_base_task2_seed42_20260622_163854,roberta_large_task2_roberta_large_task2_seed42_20260622_162603,690,-0.04805812853814828,-0.08995160093108687,-0.007552032248784138
task2,dev,deberta_v3_large_task2_microsoft_deberta_v3_large_task2_seed42_20260622_164114,deberta_xlarge_task2_microsoft_deberta_xlarge_task2_seed42_20260622_164826,690,-0.010920459405738865,-0.056004339933890916,0.03461995945775921
task2,dev,deberta_v3_large_task2_microsoft_deberta_v3_large_task2_seed42_20260622_164114,roberta_large_task2_roberta_large_task2_seed42_20260622_162603,690,-0.04881953537569093,-0.09180562994231806,-0.008264021070189103
task2,dev,deberta_xlarge_task2_microsoft_deberta_xlarge_task2_seed42_20260622_164826,roberta_large_task2_roberta_large_task2_seed42_20260622_162603,690,-0.03789907596995207,-0.08342150394254552,0.005936557322218795
task2,test,bert_base_task2_bert_base_uncased_task2_seed42_20260622_162604,deberta_v3_base_multitask_microsoft_deberta_v3_base_multitask_seed42_20260622_164926,275,-0.05441730992319154,-0.11574207292016735,-0.001894915491029636
task2,test,bert_base_task2_bert_base_uncased_task2_seed42_20260622_162604,deberta_v3_base_task2_microsoft_deberta_v3_base_task2_seed42_20260622_163254,275,0.022548434824674463,-0.02738001008235532,0.07408830152713805
task2,test,bert_base_task2_bert_base_uncased_task2_seed42_20260622_162604,deberta_v3_base_task2_politician_answer_microsoft_deberta_v3_base_task2_seed42_20260622_164525,275,-0.028926254439869438,-0.097010853090773,0.053913715177911214
task2,test,bert_base_task2_bert_base_uncased_task2_seed42_20260622_162604,deberta_v3_base_task2_weighted_microsoft_deberta_v3_base_task2_seed42_20260622_163854,275,-0.06419303604060012,-0.1462849103203366,0.018054924689405526
task2,test,bert_base_task2_bert_base_uncased_task2_seed42_20260622_162604,deberta_v3_large_task2_microsoft_deberta_v3_large_task2_seed42_20260622_164114,275,-0.08400572545872051,-0.15564168180019755,-0.010746639643673695
task2,test,bert_base_task2_bert_base_uncased_task2_seed42_20260622_162604,deberta_xlarge_task2_microsoft_deberta_xlarge_task2_seed42_20260622_164826,275,-0.10107551600192652,-0.17828437356996912,-0.021311138340824133
task2,test,bert_base_task2_bert_base_uncased_task2_seed42_20260622_162604,roberta_large_task2_roberta_large_task2_seed42_20260622_162603,275,-0.028515199673856708,-0.12733092178801111,0.06721850568019626
task2,test,deberta_v3_base_multitask_microsoft_deberta_v3_base_multitask_seed42_20260622_164926,deberta_v3_base_task2_microsoft_deberta_v3_base_task2_seed42_20260622_163254,275,0.076965744747866,0.023624360154008216,0.13194428545822842
task2,test,deberta_v3_base_multitask_microsoft_deberta_v3_base_multitask_seed42_20260622_164926,deberta_v3_base_task2_politician_answer_microsoft_deberta_v3_base_task2_seed42_20260622_164525,275,0.025491055483322093,-0.043169592738008626,0.10066813771563533
task2,test,deberta_v3_base_multitask_microsoft_deberta_v3_base_multitask_seed42_20260622_164926,deberta_v3_base_task2_weighted_microsoft_deberta_v3_base_task2_seed42_20260622_163854,275,-0.009775726117408585,-0.08439881377799896,0.06102326229470606
task2,test,deberta_v3_base_multitask_microsoft_deberta_v3_base_multitask_seed42_20260622_164926,deberta_v3_large_task2_microsoft_deberta_v3_large_task2_seed42_20260622_164114,275,-0.029588415535528965,-0.1070701355923567,0.04531605944735199
task2,test,deberta_v3_base_multitask_microsoft_deberta_v3_base_multitask_seed42_20260622_164926,deberta_xlarge_task2_microsoft_deberta_xlarge_task2_seed42_20260622_164826,275,-0.04665820607873498,-0.13651689198612976,0.05063568825179477
task2,test,deberta_v3_base_multitask_microsoft_deberta_v3_base_multitask_seed42_20260622_164926,roberta_large_task2_roberta_large_task2_seed42_20260622_162603,275,0.025902110249334826,-0.07099291553683151,0.11762148484706221
task2,test,deberta_v3_base_task2_microsoft_deberta_v3_base_task2_seed42_20260622_163254,deberta_v3_base_task2_politician_answer_microsoft_deberta_v3_base_task2_seed42_20260622_164525,275,-0.0514746892645439,-0.11752186191163538,0.024889220727255787
task2,test,deberta_v3_base_task2_microsoft_deberta_v3_base_task2_seed42_20260622_163254,deberta_v3_base_task2_weighted_microsoft_deberta_v3_base_task2_seed42_20260622_163854,275,-0.08674147086527458,-0.15656795520321537,-0.010903906481993119
task2,test,deberta_v3_base_task2_microsoft_deberta_v3_base_task2_seed42_20260622_163254,deberta_v3_large_task2_microsoft_deberta_v3_large_task2_seed42_20260622_164114,275,-0.10655416028339497,-0.17362135133868992,-0.03173354768306896
task2,test,deberta_v3_base_task2_microsoft_deberta_v3_base_task2_seed42_20260622_163254,deberta_xlarge_task2_microsoft_deberta_xlarge_task2_seed42_20260622_164826,275,-0.12362395082660098,-0.19468158533495475,-0.04560142892388486
task2,test,deberta_v3_base_task2_microsoft_deberta_v3_base_task2_seed42_20260622_163254,roberta_large_task2_roberta_large_task2_seed42_20260622_162603,275,-0.05106363449853117,-0.1468949005072901,0.037234287898947914
task2,test,deberta_v3_base_task2_politician_answer_microsoft_deberta_v3_base_task2_seed42_20260622_164525,deberta_v3_base_task2_weighted_microsoft_deberta_v3_base_task2_seed42_20260622_163854,275,-0.03526678160073067,-0.11084351233065193,0.03900781295069783
task2,test,deberta_v3_base_task2_politician_answer_microsoft_deberta_v3_base_task2_seed42_20260622_164525,deberta_v3_large_task2_microsoft_deberta_v3_large_task2_seed42_20260622_164114,275,-0.05507947101885106,-0.14281820770267742,0.029583629355260186
task2,test,deberta_v3_base_task2_politician_answer_microsoft_deberta_v3_base_task2_seed42_20260622_164525,deberta_xlarge_task2_microsoft_deberta_xlarge_task2_seed42_20260622_164826,275,-0.07214926156205706,-0.1361450673535516,-0.008197955321355048
task2,test,deberta_v3_base_task2_politician_answer_microsoft_deberta_v3_base_task2_seed42_20260622_164525,roberta_large_task2_roberta_large_task2_seed42_20260622_162603,275,0.0004110547660127337,-0.13798641477629645,0.1037830792613801
task2,test,deberta_v3_base_task2_weighted_microsoft_deberta_v3_base_task2_seed42_20260622_163854,deberta_v3_large_task2_microsoft_deberta_v3_large_task2_seed42_20260622_164114,275,-0.01981268941812038,-0.10198901413717777,0.06393643012717592
task2,test,deberta_v3_base_task2_weighted_microsoft_deberta_v3_base_task2_seed42_20260622_163854,deberta_xlarge_task2_microsoft_deberta_xlarge_task2_seed42_20260622_164826,275,-0.036882479961326396,-0.11481021326722965,0.046218941181890745
task2,test,deberta_v3_base_task2_weighted_microsoft_deberta_v3_base_task2_seed42_20260622_163854,roberta_large_task2_roberta_large_task2_seed42_20260622_162603,275,0.035677836366743404,-0.059709405915911715,0.12809935199261255
task2,test,deberta_v3_large_task2_microsoft_deberta_v3_large_task2_seed42_20260622_164114,deberta_xlarge_task2_microsoft_deberta_xlarge_task2_seed42_20260622_164826,275,-0.017069790543206013,-0.1033670054224037,0.08193153769424757
task2,test,deberta_v3_large_task2_microsoft_deberta_v3_large_task2_seed42_20260622_164114,roberta_large_task2_roberta_large_task2_seed42_20260622_162603,275,0.05549052578486379,-0.0445568304656297,0.1488908982148016
task2,test,deberta_xlarge_task2_microsoft_deberta_xlarge_task2_seed42_20260622_164826,roberta_large_task2_roberta_large_task2_seed42_20260622_162603,275,0.07256031632806981,-0.07940615448995003,0.19930574470291634
